pdbcode,mutation,ddg,parsed_mutation
1A0F,SA11A,1.8,A11A
1A7V,AA104H,2.69,A104H
1A7V,AA66H,1.98,A66H
1A7V,AA91H,1.7,A91H
1A7V,DA3H,1.36,A3H
1A7V,DA58H,2.05,A58H
1A7V,EA73H,3.01,A73H
1A7V,KA13H,0.6,A13H
1A7V,KA20H,2.88,A20H
1A7V,KA31H,1.36,A31H
1A7V,KA39H,1.86,A39H
1A7V,KA49H,2.02,A49H
1A7V,KA84H,2.88,A84H
1A7V,KA97H,1.97,A97H
1BA3,HA461D,1.745,A461D
1BA3,HA489D,-0.287,A489D
1BA3,HA489K,0.287,A489K
1BA3,HA489M,0.263,A489M
1BFM,MA35W,0.7,A35W
1BFM,MA35Y,0.4,A35Y
1BNL,DA76A,0.821,A76A
1D5G,HA71Y,0.04,A71Y
1D5G,IA20F,-0.91,A20F
1DIV,DA23A,0.46,A23A
1DIV,DA23N,0.58,A23N
1DIV,DA8N,0.3,A8N
1DIV,EA100A,0.98,A100A
1DIV,EA100G,1.52,A100G
1DIV,EA17Q,0.21,A17Q
1DIV,EA38Q,0.56,A38Q
1DIV,EA48Q,-0.03,A48Q
1DIV,EA54Q,-0.33,A54Q
1DIV,HA106Q,1.53,A106Q
1DIV,HA134Q,0.34,A134Q
1DIV,HA144Q,0.56,A144Q
1DIV,IA115A,3.52,A115A
1DIV,IA121A,2.88,A121A
1DIV,IA4A,2.22,A4A
1DIV,IA4V,0.59,A4V
1DIV,IA79A,3.49,A79A
1DIV,IA93A,3.19,A93A
1DIV,IA98A,4.28,A98A
1DIV,KA10M,-0.05,A10M
1DIV,KA14M,-0.01,A14M
1DIV,KA15M,0.31,A15M
1DIV,KA7M,-0.35,A7M
1DIV,KA96A,-0.61,A96A
1DIV,KA96G,0.2,A96G
1DIV,LA102A,2.37,A102A
1DIV,LA108A,2.33,A108A
1DIV,LA110A,3.21,A110A
1DIV,LA117A,0.82,A117A
1DIV,LA133A,2.94,A133A
1DIV,LA141A,3.56,A141A
1DIV,LA30A,2.76,A30A
1DIV,LA30V,3.62,A30V
1DIV,LA6A,3.1,A6A
1DIV,LA6I,0.13,A6I
1DIV,LA6V,0.41,A6V
1DIV,LA72A,3.77,A72A
1DIV,MA1A,1.46,A1A
1DIV,MA1G,2.36,A1G
1DIV,VA129A,1.81,A129A
1DIV,VA131A,1.93,A131A
1DIV,VA137A,2.41,A137A
1DIV,VA143A,3.25,A143A
1DIV,VA145A,1.92,A145A
1DIV,VA21A,2.33,A21A
1DIV,VA21I,0.4,A21I
1DIV,VA21L,1.23,A21L
1DIV,VA3A,2.55,A3A
1DIV,VA3I,0.31,A3I
1DIV,VA3L,2.21,A3L
1DXX,KA18N,3.7,A18N
1EKG,LA198C,1.0,A198C
1EKG,LA200C,2.0,A200C
1EKG,LA203C,-1.0,A203C
1EKG,SA181F,2.6,A181F
1F8I,FA345A,0.455,A345A
1FH5,SH18N,-0.6,H18N
1FRD,HA42R,-4.0,A42R
1FT8,IA264V,0.64,A264V
1FT8,LA212V,1.38,A212V
1FT8,LA238I,0.35,A238I
1FT8,LA267I,0.11,A267I
1FT8,LA293I,0.8,A293I
1FT8,LA293V,1.41,A293V
1FT8,LA315A,1.65,A315A
1FT8,LA317I,0.85,A317I
1FT8,LA348I,0.53,A348I
1FT8,LA349I,-0.05,A349I
1FT8,MA216L,-0.27,A216L
1FT8,SA339A,-0.32,A339A
1FT8,VA287A,0.16,A287A
1FXA,EA94D,1.1,A94D
1FXA,EA94K,0.4,A94K
1FXA,EA94Q,-0.6,A94Q
1FXA,EA95K,-1.0,A95K
1FXA,FA65A,1.0,A65A
1FXA,FA65I,0.9,A65I
1FXA,FA65W,0.6,A65W
1FXA,FA65Y,0.5,A65Y
1FXA,RA42A,2.4,A42A
1FXA,RA42H,1.4,A42H
1FXA,TA48A,-0.1,A48A
1G3P,AA147K,0.287,A147K
1G3P,DA160A,0.263,A160A
1G3P,DA160C,0.096,A160C
1G3P,DA160E,0.359,A160E
1G3P,DA160F,0.359,A160F
1G3P,DA160G,0.669,A160G
1G3P,DA160H,-0.048,A160H
1G3P,DA160I,0.932,A160I
1G3P,DA160K,0.335,A160K
1G3P,DA160L,0.55,A160L
1G3P,DA160M,0.502,A160M
1G3P,DA160N,-0.072,A160N
1G3P,DA160P,0.645,A160P
1G3P,DA160Q,0.478,A160Q
1G3P,DA160R,0.669,A160R
1G3P,DA160S,0.287,A160S
1G3P,DA160T,0.741,A160T
1G3P,DA160V,1.123,A160V
1G3P,DA160W,0.1669999999999999,A160W
1G3P,DA160Y,0.072,A160Y
1G3P,FA136V,3.705,A136V
1G3P,NA138G,-0.765,A138G
1G3P,NA139K,0.43,A139K
1G3P,NA139V,2.032,A139V
1G3P,QA137N,1.793,A137N
1G3P,QA145N,-0.263,A145N
1G3P,RA144V,-0.765,A144V
1GLU,CA500A,1.22,A500A
1GUA,AB118G,1.963,B118G
1GUA,AB118L,1.951,B118L
1GUA,AB85G,2.149,B85G
1GUA,AB97G,0.863,B97G
1GUA,CB81A,-0.283,B81A
1GUA,CB81I,0.912,B81I
1GUA,CB95A,0.08,B95A
1GUA,CB96A,1.759,B96A
1GUA,CB96L,0.043,B96L
1GUA,CB96M,0.337,B96M
1GUA,DB117A,0.706,B117A
1GUA,DB129A,0.855,B129A
1GUA,DB80A,0.493,B80A
1GUA,EB104A,-0.021,B104A
1GUA,EB124A,0.101,B124A
1GUA,EB125A,0.591,B125A
1GUA,IB58A,3.274,B58A
1GUA,IB58F,1.2990000000000002,B58F
1GUA,IB58L,0.7709999999999999,B58L
1GUA,KB109A,0.327,B109A
1GUA,LB112A,2.593,B112A
1GUA,LB121A,2.5340000000000003,B121A
1GUA,LB126A,3.405,B126A
1GUA,LB62A,3.46,B62A
1GUA,LB78A,3.803,B78A
1GUA,LB82A,3.529,B82A
1GUA,LB82I,1.6,B82I
1GUA,LB82V,1.7,B82V
1GUA,LB86A,3.2260000000000004,B86A
1GUA,LB91A,1.575,B91A
1GUA,MB76A,0.961,B76A
1GUA,NB56M,-0.271,B56M
1GUA,NB64A,1.14,B64A
1GUA,PB63A,1.7080000000000002,B63A
1GUA,PB93A,0.0819999999999999,B93A
1GUA,QB66A,0.504,B66A
1GUA,RB100A,0.693,B100A
1GUA,RB59A,-0.178,B59A
1GUA,RB89L,-1.078,B89L
1GUA,SB77A,1.5730000000000002,B77A
1GUA,SB77T,-0.581,B77T
1GUA,TB68A,0.109,B68A
1GUA,VB128A,3.3680000000000003,B128A
1GUA,VB60A,2.251,B60A
1GUA,VB69A,1.116,B69A
1GUA,VB70A,1.77,B70A
1GUA,VB72A,1.052,B72A
1GUA,VB72I,0.8640000000000001,B72I
1GUA,VB98A,1.981,B98A
1GWY,AA8D,1.6,A8D
1H0X,PA18A,1.936,A18A
1H0X,PA62A,2.5810000000000004,A62A
1HCQ,CA67A,2.09,A67A
1HCQ,CA67S,1.99,A67S
1IOJ,GA15A,-0.4,A15A
1IR3,WA1175F,-0.6,A1175F
1ITM,CA24T,3.3,A24T
1ITM,CA3T,5.0,A3T
1ITM,WA91S,-1.4,A91S
1IV7,AB173C,-0.5,B173C
1IV7,FB189C,2.5,B189C
1IV7,LB162C,1.9,B162C
1IV9,SA76Y,-4.299,A76Y
1J8I,KA25A,-0.1,A25A
1J8I,KA66A,-0.1,A66A
1J8I,RA23A,-0.8,A23A
1J8I,RA35A,0.1,A35A
1J8I,RA43A,-0.7,A43A
1J8I,RA9A,0.1,A9A
1JL9,AA25C,1.44,A25C
1JLV,EA64D,1.162,A64D
1JLV,EA64N,2.3040000000000003,A64N
1JLV,EA64Q,2.302,A64Q
1L6H,FA39A,1.6969999999999998,A39A
1L6H,YA45A,0.55,A45A
1L6H,YA48A,1.482,A48A
1LVM,EA106G,-1.4,A106G
1LVM,KA45F,-0.43,A45F
1LVM,LA56V,-0.0,A56V
1LVM,QA58F,-0.6,A58F
1LVM,SA135G,-0.0,A135G
1N18,EA100G,2.5,A100G
1N18,GA85R,1.4,A85R
1N18,HA46R,-1.4,A46R
1N18,VA148I,-0.1,A148I
1N88,FA21A,1.39,A21A
1N88,IA39A,1.39,A39A
1N88,IA80A,2.79,A80A
1N88,IA89A,2.35,A89A
1N88,IA8V,1.52,A8V
1N88,LA13A,1.52,A13A
1N88,LA57A,1.11,A57A
1N88,VA12A,1.94,A12A
1N88,VA30A,2.84,A30A
1N88,VA43A,2.82,A43A
1N88,VA49A,2.83,A49A
1N88,VA51A,3.24,A51A
1N88,VA54A,3.73,A54A
1N88,VA81A,2.82,A81A
1N88,VA83A,3.1,A83A
1N88,YA18A,-0.06,A18A
1N88,YA26A,4.61,A26A
1NM1,DA187N,0.88,A187N
1NM1,DA187Y,1.9,A187Y
1O1U,EA110A,3.3,A110A
1O1U,NA61A,1.2,A61A
1O1U,QA51A,0.3,A51A
1O1U,QA99A,-0.3,A99A
1O1U,TA38A,1.2,A38A
1O1U,WA49Y,1.2,A49Y
1O6X,AA31G,1.2,A31G
1O6X,AA50G,1.4,A50G
1O6X,DA38A,-0.36,A38A
1O6X,EA14A,0.3,A14A
1O6X,EA20G,1.42,A20G
1O6X,FA39L,1.88,A39L
1O6X,FA65A,0.98,A65A
1O6X,HA51A,0.61,A51A
1O6X,IA15V,0.43,A15V
1O6X,IA23V,-0.42,A23V
1O6X,IA71V,1.31,A71V
1O6X,IA75A,1.31,A75A
1O6X,KA41A,1.98,A41A
1O6X,LA26V,0.97,A26V
1O6X,NA58A,0.08,A58A
1O6X,QA60G,0.49,A60G
1O6X,VA12A,1.1,A12A
1O6X,VA52A,1.08,A52A
1O6X,VA64G,1.1,A64G
1O6X,YA73L,2.78,A73L
1OSI,IA11V,0.05,A11V
1OSI,SA92F,-0.39,A92F
1OSI,VA126M,2.25,A126M
1OSI,VA15I,0.78,A15I
1PFL,AA20T,1.53,A20T
1PFL,GA117V,1.96,A117V
1PFL,MA113T,3.53,A113T
1PFL,QA138L,-1.82,A138L
1PFL,TA108M,-0.07,A108M
1PRE,CA159S,2.4,A159S
1PRG,EA460K,0.17,A460K
1PRG,FA360L,0.4,A360L
1PRG,PA467L,-0.11,A467L
1PRG,QA286P,0.3,A286P
1PRG,RA288H,-0.06,A288H
1PRG,RA357A,-0.19,A357A
1PRG,VA290M,-0.03,A290M
1R2Y,RA244E,4.2,A244E
1R6R,IA88N,0.13,A88N
1R6R,LA50S,2.81,A50S
1R6R,LA54S,0.24,A54S
1R6R,LA81N,6.84,A81N
1SPD,CA111S,-0.8,A111S
1SPD,CA6A,-0.1,A6A
1X0J,DA160N,4.1,A160N
1X0J,DA160Y,4.02,A160Y
1X0J,DA161N,2.21,A161N
1X0J,DA161Y,3.38,A161Y
1X0J,EA140K,3.48,A140K
1X0J,RA100L,5.22,A100L
1X0J,YA153H,6.49,A153H
1XWS,EA124Q,2.9,A124Q
1XWS,EA135K,4.59,A135K
1XWS,EA142D,3.22,A142D
1XWS,YA53H,3.3,A53H
1XXN,NA181R,-0.358,A181R
1XXN,NA32D,0.86,A32D
1XXN,NA54E,0.645,A54E
1XXN,SA22E,-0.239,A22E
1XXN,SA27E,0.645,A27E
1XZO,FA42W,-2.87,A42W
1XZO,WA101F,2.89,A101F
1XZO,WA36A,8.93,A36A
1XZO,WA36F,4.25,A36F
2ARF,HA1069Q,0.7170000000000001,A1069Q
2BJD,VA84D,4.493,A84D
2BJD,VA84P,4.517,A84P
2BJD,YA86E,2.103,A86E
2C9Q,YA79F,0.012,A79F
2C9Q,YA79W,1.233,A79W
2CLR,HB13F,-0.12,B13F
2CLR,HB31F,-2.605,B31F
2CLR,HB51F,1.912,B51F
2CLR,HB84A,2.629,B84A
2DVV,QA443H,-0.89,A443H
2DVV,RA419W,0.02,A419W
2H3F,EA12A,-1.07,A12A
2HBB,AA22G,0.32,A22G
2HBB,AA26G,1.79,A26G
2HBB,AA36G,1.55,A36G
2HBB,AA39G,1.59,A39G
2HBB,AA42G,0.33,A42G
2HBB,AA46G,0.55,A46G
2HBB,AA49G,0.22,A49G
2HBB,DA23A,0.03,A23A
2HBB,DA23N,0.79,A23N
2HBB,DA8A,1.3,A8A
2HBB,DA8N,0.38,A8N
2HBB,EA17A,1.69,A17A
2HBB,EA17Q,0.33,A17Q
2HBB,EA38A,0.41,A38A
2HBB,EA38Q,0.68,A38Q
2HBB,EA48Q,-0.07,A48Q
2HBB,FA31A,2.84,A31A
2HBB,FA5L,1.15,A5L
2HBB,GA24A,-0.02,A24A
2HBB,GA34A,1.02,A34A
2HBB,IA18A,2.05,A18A
2HBB,IA18V,0.07,A18V
2HBB,IA37A,1.28,A37A
2HBB,IA37V,-0.09,A37V
2HBB,IA4V,0.59,A4V
2HBB,KA10E,-0.13,A10E
2HBB,KA10M,-0.47,A10M
2HBB,KA12A,-0.61,A12A
2HBB,KA12G,-0.03,A12G
2HBB,KA12M,-1.8,A12M
2HBB,KA14A,0.73,A14A
2HBB,KA14G,1.3,A14G
2HBB,KA14M,0.34,A14M
2HBB,KA15G,1.74,A15G
2HBB,KA15M,0.44,A15M
2HBB,KA7M,-0.21,A7M
2HBB,LA30A,2.76,A30A
2HBB,LA35A,1.21,A35A
2HBB,LA44A,1.73,A44A
2HBB,LA47A,0.84,A47A
2HBB,LA6A,3.1,A6A
2HBB,MA1A,1.46,A1A
2HBB,TA40S,0.8,A40S
2HBB,VA21A,2.33,A21A
2HBB,VA3A,2.55,A3A
2HBB,VA9A,1.81,A9A
2JIE,CA170A,-2.997,A170A
2JIE,CA170Q,-2.5810000000000004,A170Q
2JIE,EA157D,2.075,A157D
2JIE,EA167A,-4.247,A167A
2JIE,EA225A,4.36,A225A
2JIE,EA225H,1.515,A225H
2JIE,EA409A,-0.825,A409A
2JIE,EA409D,0.909,A409D
2JIE,EA426S,-0.87,A426S
2JIE,FA418A,0.165,A418A
2JIE,HA104R,-1.536,A104R
2JIE,IA247E,-1.241,A247E
2JIE,IA247N,-0.974,A247N
2JIE,LA174A,0.79,A174A
2JIE,LA174R,-0.336,A174R
2JIE,MA224A,4.098,A224A
2JIE,MA326A,1.298,A326A
2JIE,NA166A,3.397,A166A
2JIE,NA166C,2.964,A166C
2JIE,NA223A,0.6709999999999999,A223A
2JIE,NA223G,-3.462,A223G
2JIE,NA223H,-2.583,A223H
2JIE,NA223R,-3.976,A223R
2JIE,NA223Y,-5.73,A223Y
2JIE,NA296A,2.25,A296A
2JIE,NA296C,0.017,A296C
2JIE,NA407A,-0.464,A407A
2JIE,NA407C,-0.143,A407C
2JIE,QA22S,0.209,A22S
2JIE,RA243A,0.166,A243A
2JIE,RA243D,-0.213,A243D
2JIE,RA243K,1.463,A243K
2JIE,SA17A,1.246,A17A
2JIE,SA19A,-0.951,A19A
2JIE,SA334A,1.454,A334A
2JIE,SA403A,-0.92,A403A
2JIE,TA18A,0.994,A18A
2JIE,TA221A,-3.189,A221A
2JIE,TA355A,2.9610000000000003,A355A
2JIE,WA123F,-2.19,A123F
2JIE,WA123H,-1.06,A123H
2JIE,WA328A,1.159,A328A
2JIE,WA328C,2.664,A328C
2JIE,WA328H,2.573,A328H
2JIE,WA328R,0.95,A328R
2JIE,WA402C,0.36,A402C
2JIE,WA402R,-2.615,A402R
2JIE,WA412Y,-0.599,A412Y
2JIE,YA21A,3.443,A21A
2JIE,YA297A,-1.072,A297A
2JIE,YA297F,1.853,A297F
2JUC,CA57D,2.54,A57D
2JUC,CA57S,0.71,A57S
2JUC,RA18A,1.75,A18A
2KJ3,DA288A,-1.2,A288A
2KJ3,EA272A,-1.9,A272A
2KJ3,GA278A,0.8,A278A
2KJ3,KA229A,-1.5,A229A
2KJ3,LA241A,-1.0,A241A
2KJ3,SA273A,-1.4,A273A
2KJ3,VA239A,-1.0,A239A
2KJ3,VA264A,-1.0,A264A
2KJ3,VA267A,-0.2,A267A
2KS4,DA9A,-1.26,A9A
2KS4,EA2A,0.23,A2A
2LTB,LA558P,1.57,A558P
2LTB,LA569R,3.11,A569R
2LTB,MA619K,3.34,A619K
2LTB,RA533Q,1.1,A533Q
2LTB,RA555Q,0.36,A555Q
2LTB,RA555W,-1.79,A555W
2M5S,DA302A,4.0,A302A
2M5S,HA305A,2.0,A305A
2MPC,AA89T,0.24,A89T
2MPC,RA42A,-0.62,A42A
2MPC,RA42W,-2.08,A42W
2N7Z,PA88A,0.6,A88A
2NTE,IA738V,2.0,A738V
2NTE,RA658C,2.3,A658C
2OUO,AA420D,-0.44,A420D
2PR5,AA33Y,-0.5,A33Y
2PR5,AA81M,0.4,A81M
2PR5,DA109E,-0.3,A109E
2PR5,HA22K,-0.3,A22K
2PR5,HA22W,-1.2,A22W
2PR5,MA111F,-2.9,A111F
2PR5,NA107F,-0.9,A107F
2PR5,NA107Y,-0.8,A107Y
2PR5,NA124F,-1.1,A124F
2PR5,NA124Y,-2.6,A124Y
2PR5,TA30M,-0.5,A30M
2PR5,TA50M,0.5,A50M
2PR5,TA54Y,-0.2,A54Y
2PR5,VA120I,-1.4,A120I
2PR5,VA25I,-0.4,A25I
2PR5,VA88L,0.2,A88L
2PR5,VA90I,0.7,A90I
2PTL,AA22G,2.43,A22G
2PTL,AA27P,-0.1,A27P
2PTL,AA27V,0.83,A27V
2PTL,AA34G,2.17,A34G
2PTL,AA34V,-1.47,A34V
2PTL,AA43G,2.54,A43G
2PTL,AA47G,3.1,A47G
2PTL,AA49G,1.32,A49G
2PTL,AA51G,3.12,A51G
2PTL,AA66G,0.49,A66G
2PTL,DA52A,1.21,A52A
2PTL,DA52G,2.14,A52G
2PTL,DA64A,0.2,A64A
2PTL,EA35A,0.59,A35A
2PTL,EA46G,1.19,A46G
2PTL,EA46I,1.08,A46I
2PTL,EA60A,0.23,A60A
2PTL,FA26A,3.12,A26A
2PTL,FA26L,0.68,A26L
2PTL,FA36A,4.15,A36A
2PTL,FA36L,3.12,A36L
2PTL,FA40G,3.08,A40G
2PTL,FA40L,0.38,A40L
2PTL,FA76L,3.34,A76L
2PTL,FA76V,3.73,A76V
2PTL,GA29A,1.52,A29A
2PTL,GA29V,2.53,A29V
2PTL,GA38A,2.08,A38A
2PTL,GA59A,2.23,A59A
2PTL,GA69A,2.04,A69A
2PTL,IA20A,4.9,A20A
2PTL,IA20V,0.56,A20V
2PTL,IA25A,1.37,A25A
2PTL,IA25V,0.47,A25V
2PTL,IA74A,4.72,A74A
2PTL,IA74V,1.69,A74V
2PTL,KA21A,0.92,A21A
2PTL,KA37A,0.88,A37A
2PTL,KA42G,-0.16,A42G
2PTL,KA55A,-0.58,A55A
2PTL,KA56A,-0.35,A56A
2PTL,KA68A,0.09,A68A
2PTL,KA75A,0.45,A75A
2PTL,LA24A,3.12,A24A
2PTL,LA54A,2.44,A54A
2PTL,LA72A,3.77,A72A
2PTL,NA23A,1.87,A23A
2PTL,NA28A,1.78,A28A
2PTL,NA58A,0.34,A58A
2PTL,NA73A,1.73,A73A
2PTL,SA30A,0.3,A30A
2PTL,SA45A,-0.41,A45A
2PTL,SA45G,0.82,A45G
2PTL,TA19A,1.63,A19A
2PTL,TA31A,1.17,A31A
2PTL,TA33A,1.11,A33A
2PTL,TA39A,1.25,A39A
2PTL,TA44A,1.09,A44A
2PTL,TA53G,0.17,A53G
2PTL,TA62A,0.97,A62A
2PTL,TA71A,1.83,A71A
2PTL,VA18A,1.22,A18A
2PTL,VA63A,0.92,A63A
2PTL,VA65A,1.14,A65A
2PTL,YA48A,2.82,A48A
2PTL,YA50A,2.46,A50A
2PTL,YA70A,1.66,A70A
2PTL,YA70L,-0.43,A70L
2RPN,EA7L,-1.05,A7L
2RPN,VA21K,-0.39,A21K
2VY0,DA287A,5.975,A287A
2VY0,EA53A,6.597,A53A
2WQG,DA15A,-0.3,A15A
2WQG,DA38A,-0.1,A38A
2WQG,DA39A,2.2,A39A
2WQG,DA39N,2.6,A39N
2WQG,EA40Q,0.1,A40Q
2WQG,EA41G,0.4,A41G
2WQG,IA36A,0.9,A36A
2WQG,IA36V,0.3,A36V
2WQG,KA14A,0.4,A14A
2WQG,KA14G,1.9,A14G
2WQG,KA19A,0.3,A19A
2WQG,KA28A,0.6,A28A
2WQG,LA13A,0.5,A13A
2WQG,LA16A,1.3,A16A
2WQG,LA8A,2.0,A8A
2WQG,QA12A,0.6,A12A
2WQG,QA12G,2.0,A12G
2WQG,QA33A,-0.1,A33A
2WQG,RA34A,0.8,A34A
2WQG,SA23A,0.6,A23A
2WQG,SA6A,-0.1,A6A
2WQG,SA6G,0.2,A6G
2WQG,TA9S,-0.1,A9S
2WQG,VA10A,0.1,A10A
2WQG,VA10G,0.7,A10G
2WQG,VA11A,-0.4,A11A
2WQG,VA11G,-0.1,A11G
2WQG,VA24A,0.5,A24A
2WQG,YA5F,2.4,A5F
2ZTA,EA11Q,0.74,A11Q
2ZTA,EA20Q,-0.2,A20Q
2ZTA,EA22Q,1.83,A22Q
2ZTA,KA15A,0.41,A15A
2ZTA,KA27A,0.91,A27A
2ZTA,KA28A,0.06,A28A
2ZTA,KA8A,0.39,A8A
2ZTA,RA25A,1.66,A25A
3BCI,EA96Q,-1.369,A96Q
3BCI,TA153V,1.137,A153V
3BN0,IA20V,1.506,A20V
3C2I,DA156E,-0.88,A156E
3C2I,FA155S,-0.43,A155S
3C2I,LA100V,-1.11,A100V
3C2I,PA152R,-1.46,A152R
3C2I,RA106Q,-0.12,A106Q
3C2I,RA106W,-0.04,A106W
3C2I,RA111G,0.43,A111G
3C2I,RA133C,-0.37,A133C
3C2I,RA133H,-0.24,A133H
3C2I,SA134C,-1.05,A134C
3C2I,TA158A,-0.47,A158A
3C2I,TA158M,-0.25,A158M
3D2A,MA134E,-3.02,A134E
3D2A,MA137P,-3.34,A137P
3D2A,SA163P,-2.11,A163P
3D3B,DA118A,0.65,A118A
3D3B,DA118E,0.6,A118E
3D3B,DA118K,1.6,A118K
3D3B,DA118N,1.34,A118N
3D3B,DA118R,1.41,A118R
3DV0,AI131G,1.7,I131G
3DV0,AI139G,2.3,I139G
3DV0,AI165G,0.9,I165G
3DV0,AI168G,0.3,I168G
3DV0,DI145A,2.1,I145A
3DV0,DI145N,0.9,I145N
3DV0,DI162N,2.0,I162N
3DV0,DI164A,2.3,I164A
3DV0,DI164G,3.7,I164G
3DV0,DI164N,1.9,I164N
3DV0,EI141A,0.7,I141A
3DV0,EI141Q,0.4,I141Q
3DV0,II130A,0.7,I130A
3DV0,II130G,1.4,I130G
3DV0,II130V,0.2,I130V
3DV0,II146A,2.7,I146A
3DV0,II146V,1.2,I146V
3DV0,II163V,0.5,I163V
3DV0,LI159A,2.0,I159A
3DV0,LI159G,1.9,I159G
3DV0,LI159V,0.6,I159V
3DV0,LI167A,1.2,I167A
3DV0,LI167V,0.2,I167V
3DV0,VI129A,0.7,I129A
3DV0,VI129G,1.0,I129G
3DV0,VI135A,1.5,I135A
3DV0,VI144A,2.0,I144A
3DV0,VI149A,2.8,I149A
3DV0,VI149G,4.1,I149G
3DV0,VI158A,3.2,I158A
3DV0,YI138F,2.0,I138F
3ECU,HA46R,-0.8,A46R
3FIS,PA61A,0.5,A61A
3G1G,DA155Y,-0.34,A155Y
3G1G,FA167Y,0.74,A167Y
3G1G,IA190V,0.17,A190V
3G1G,RA185W,-1.32,A185W
3K82,EA334L,3.35,A334L
3K82,EA334Q,1.68,A334Q
3K82,EA401R,-5.49,A401R
3L15,YB442H,3.23,B442H
3MON,RB39G,-1.194,B39G
3MON,WB3C,2.866,B3C
3O39,FA115I,1.81,A115I
3O39,FA115L,1.64,A115L
3O39,HA96L,0.58,A96L
3O39,LA32P,3.25,A32P
3O39,QA100L,2.0,A100L
3O39,QA49L,0.05,A49L
3S4M,DA122Y,1.3,A122Y
3S4M,GA130V,2.5,A130V
3S4M,IA154F,-0.096,A154F
3S4M,WA155R,0.693,A155R
3S92,HA395R,-2.03,A395R
4BJX,AA89V,-0.99,A89V
4BUQ,YA137A,-0.89,A137A
4BUQ,YA48A,1.435,A48A
4HE7,AA19D,0.24,A19D
4HE7,AA19G,-0.06,A19G
4HE7,AA19K,0.46,A19K
4N6V,H075W,-0.574,0075W
4N6V,P036G,1.362,0036G
4N6V,P079S,-1.745,0079S
4WAA,KA65A,-0.1,A65A
4WAA,KA67A,2.07,A67A
4WAA,RA27A,0.44,A27A
4YEE,VA134T,0.71,A134T
4YEF,TA134V,0.93,A134V
5JXB,DA329G,1.44,A329G
5JXB,DA329P,1.44,A329P
5OAQ,YA429H,2.99,A429H
5VP3,RA39K,-0.413,A39K
5VP3,SA128G,0.378,A128G
5VP3,VA183T,-0.354,A183T
1EY0,PA117A,-0.8,A117A
1EY0,PA117G,-0.9,A117G
1EY0,PA117T,-1.1,A117T
1IOB,TA9G,2.6,A9G
1L63,MA6A,1.9,A6A
1L63,MA6L,2.8,A6L
1L63,EA11H,-0.1,A11H
1L63,EA11N,0.1,A11N
1L63,IA17A,2.7,A17A
1L63,DA20A,0.3,A20A
1L63,DA20N,-1.3,A20N
1L63,DA20S,-0.7,A20S
1L63,IA27A,3.1,A27A
1L63,IA27M,3.1,A27M
1L63,IA29A,2.6,A29A
1L63,SA38N,0.0,A38N
1L63,AA41S,0.6,A41S
1L63,AA42V,2.7,A42V
1L63,AA42S,2.3,A42S
1L63,KA43A,1.0,A43A
1L63,SA44A,-0.3,A44A
1L63,SA44I,-0.3,A44I
1L63,SA44L,-0.4,A44L
1L63,SA44K,-0.2,A44K
1L63,SA44E,0.0,A44E
1L63,SA44G,0.5,A44G
1L63,SA44R,-0.2,A44R
1L63,SA44N,0.1,A44N
1L63,SA44F,-0.1,A44F
1L63,SA44P,3.0,A44P
1L63,SA44T,0.0,A44T
1L63,SA44V,-0.1,A44V
1L63,LA46A,1.9,A46A
1L63,DA47A,1.0,A47A
1L63,AA49S,0.5,A49S
1L63,IA50A,2.0,A50A
1L63,IA50M,0.4,A50M
1L63,IA58A,3.2,A58A
1L63,IA58T,3.4,A58T
1L63,TA59A,1.5,A59A
1L63,TA59D,1.2,A59D
1L63,TA59G,1.6,A59G
1L63,TA59N,1.1,A59N
1L63,TA59S,0.2,A59S
1L63,TA59V,1.5,A59V
1L63,LA66M,1.0,A66M
1L63,FA67A,1.9,A67A
1L63,DA72P,2.7,A72P
1L63,AA73S,0.4,A73S
1L63,VA75T,1.3,A75T
1L63,IA78A,1.2,A78A
1L63,IA78M,1.5,A78M
1L63,IA78V,0.8,A78V
1L63,AA82S,0.3,A82S
1L63,LA84A,2.6,A84A
1L63,LA84M,1.9,A84M
1L63,VA87A,1.7,A87A
1L63,VA87M,2.3,A87M
1L63,VA87I,0.3,A87I
1L63,VA87T,1.6,A87T
1L63,LA91A,3.9,A91A
1L63,LA91M,0.8,A91M
1L63,DA92N,1.4,A92N
1L63,AA93S,0.2,A93S
1L63,AA98C,1.0,A98C
1L63,AA98L,4.3,A98L
1L63,AA98S,2.5,A98S
1L63,AA98V,3.2,A98V
1L63,LA99A,4.5,A99A
1L63,LA99F,0.3,A99F
1L63,LA99I,1.5,A99I
1L63,LA99M,0.6,A99M
1L63,LA99V,2.0,A99V
1L63,IA100A,3.4,A100A
1L63,IA100M,1.6,A100M
1L63,IA100V,0.4,A100V
1L63,NA101A,1.5,A101A
1L63,MA102L,1.0,A102L
1L63,VA103A,2.2,A103A
1L63,VA103I,0.5,A103I
1L63,VA103M,1.2,A103M
1L63,FA104M,0.4,A104M
1L63,QA105M,1.2,A105M
1L63,MA106I,-0.2,A106I
1L63,MA106L,-0.5,A106L
1L63,MA106K,3.4,A106K
1L63,TA109D,-0.6,A109D
1L63,TA109N,-0.1,A109N
1L63,VA111A,1.3,A111A
1L63,VA111I,0.9,A111I
1L63,VA111M,0.7,A111M
1L63,SA117F,-1.1,A117F
1L63,LA118A,3.2,A118A
1L63,LA118M,0.7,A118M
1L63,MA120L,-0.5,A120L
1L63,MA120K,1.6,A120K
1L63,MA120Y,0.1,A120Y
1L63,LA121M,0.8,A121M
1L63,AA129F,1.2,A129F
1L63,AA129W,2.2,A129W
1L63,AA130S,-1.0,A130S
1L63,LA133F,0.3,A133F
1L63,LA133M,0.4,A133M
1L63,AA134S,0.1,A134S
1L63,NA144E,-0.5,A144E
1L63,VA149A,3.2,A149A
1L63,VA149C,2.0,A149C
1L63,VA149G,4.9,A149G
1L63,VA149I,0.1,A149I
1L63,VA149M,2.8,A149M
1L63,VA149T,2.8,A149T
1L63,VA149S,4.4,A149S
1L63,TA152A,1.5,A152A
1L63,TA152C,0.5,A152C
1L63,TA152I,0.4,A152I
1L63,TA152S,2.0,A152S
1L63,TA152V,-0.2,A152V
1L63,FA153A,3.8,A153A
1L63,FA153I,0.2,A153I
1L63,FA153L,-0.3,A153L
1L63,FA153M,0.6,A153M
1L63,FA153V,1.8,A153V
1LZ1,AA47P,-0.1,A47P
1LZ1,PA71G,1.6,A71G
1LZ1,DA91P,0.4,A91P
1LZ1,PA103G,0.1,A103G
1LZ1,VA110P,-0.5,A110P
2OCJ,QA104H,-0.24,A104H
2OCJ,QA104P,-0.11,A104P
2OCJ,TA123A,0.13,A123A
2OCJ,AA129D,0.7,A129D
2OCJ,AA129E,0.38,A129E
2OCJ,AA129S,0.19,A129S
2OCJ,MA133L,-0.3,A133L
2OCJ,FA134L,4.78,A134L
2OCJ,VA143A,3.5,A143A
2OCJ,LA145Q,2.98,A145Q
2OCJ,DA148E,0.43,A148E
2OCJ,DA148S,-0.22,A148S
2OCJ,TA150P,0.08,A150P
2OCJ,PA151S,4.49,A151S
2OCJ,VA157F,3.88,A157F
2OCJ,QA165K,1.27,A165K
2OCJ,QA167E,0.43,A167E
2OCJ,HA168R,2.75,A168R
2OCJ,RA174K,0.22,A174K
2OCJ,RA175A,0.73,A175A
2OCJ,CA182S,-0.16,A182S
2OCJ,IA195T,4.12,A195T
2OCJ,LA201P,-0.35,A201P
2OCJ,VA203A,-0.49,A203A
2OCJ,LA206S,0.1,A206S
2OCJ,YA220C,3.98,A220C
2OCJ,DA228E,-0.05,A228E
2OCJ,IA232T,3.19,A232T
2OCJ,YA236F,-0.27,A236F
2OCJ,MA237I,3.18,A237I
2OCJ,NA239Y,-1.49,A239Y
2OCJ,GA245S,1.21,A245S
2OCJ,IA255F,3.29,A255F
2OCJ,SA260P,0.32,A260P
2OCJ,NA268D,-1.21,A268D
2OCJ,FA270C,4.54,A270C
2OCJ,RA282W,3.3,A282W
1BZ6,IA28A,2.06,A28A
1BZ6,LA29A,0.39,A29A
1BZ6,IA30A,1.9,A30A
1BZ6,LA32A,2.04,A32A
1BZ6,HA24V,0.52,A24V
1BZ6,HA36Q,1.3,A36Q
1BZ6,HA48Q,0.62,A48Q
1BZ6,HA64Q,0.45,A64Q
1BZ6,HA82Q,0.05,A82Q
1BZ6,HA93G,-0.04,A93G
1BZ6,HA97Q,0.11,A97Q
1BZ6,HA113Q,0.26,A113Q
1BZ6,HA119F,0.68,A119F
1BZ6,GA129A,-1.05,A129A
1BZ6,VA66A,-0.75,A66A
1BZ6,PA88A,-0.59,A88A
1BZ6,HA116A,-0.16,A116A
1BZ6,VA13A,0.67,A13A
1BZ6,TA67A,0.26,A67A
1BZ6,SA117A,0.26,A117A
1BZ6,LA11A,0.44,A11A
1BZ6,LA9A,0.41,A9A
1BZ6,GA23A,1.12,A23A
1BZ6,LA137A,1.78,A137A
1BZ6,VA114A,1.45,A114A
1BZ6,TA51A,1.41,A51A
1BZ6,LA149A,1.6,A149A
1BZ6,IA142A,1.92,A142A
1BZ6,QA8A,0.89,A8A
1BZ6,QA8G,-0.5,A8G
1BZ6,EA109A,0.17,A109A
1BZ6,EA109G,-0.89,A109G
1BZ6,KA140A,0.35,A140A
1BZ6,LA29F,0.13,A29F
1BZ6,LA29N,5.59,A29N
1BZ6,FA43V,2.66,A43V
1BZ6,FA43I,0.89,A43I
1BZ6,HA64Q,0.54,A64Q
1BZ6,HA64A,-0.58,A64A
1BZ6,HA64L,-1.05,A64L
1BZ6,HA64F,-1.51,A64F
1BZ6,VA68F,-0.82,A68F
1BZ6,VA68A,0.93,A68A
1BZ6,VA68Q,2.42,A68Q
1BZ6,VA68N,3.81,A68N
1BZ6,VA68S,2.99,A68S
1BZ6,VA68T,1.67,A68T
1BZ6,IA107F,-0.58,A107F
1BZ6,IA107V,1.09,A107V
1BZ6,IA107T,2.23,A107T
1BZ6,IA28L,0.55,A28L
1BZ6,IA28M,0.56,A28M
1BZ6,IA28V,-0.04,A28V
1BZ6,IA28A,1.33,A28A
1BZ6,IA111L,0.64,A111L
1BZ6,IA111M,1.14,A111M
1BZ6,IA111A,1.84,A111A
1BZ6,IA142L,-0.63,A142L
1BZ6,IA142M,-0.93,A142M
1BZ6,IA142V,0.12,A142V
1BZ6,IA142A,1.1,A142A
1BZ6,LA29I,1.12,A29I
1BZ6,LA29M,-0.12,A29M
1BZ6,LA29V,1.72,A29V
1BZ6,LA29A,2.37,A29A
1BZ6,LA69I,0.02,A69I
1BZ6,LA69M,0.0,A69M
1BZ6,LA69V,0.1,A69V
1BZ6,LA69A,1.18,A69A
1BZ6,LA135I,1.54,A135I
1BZ6,LA135M,0.79,A135M
1BZ6,LA135V,2.25,A135V
1BZ6,LA49I,0.8,A49I
1BZ6,AA130L,2.3,A130L
1BZ6,AA130K,3.7,A130K
1BZ6,FA123T,3.5,A123T
1BZ6,EA4A,0.35,A4A
1BZ6,KA133A,0.05,A133A
1BZ6,DA122A,0.1,A122A
1BZ6,EA18A,0.95,A18A
1BZ6,KA77A,-0.2,A77A
1BZ6,DA20A,0.5,A20A
1BZ6,RA118A,0.65,A118A
1BZ6,DA44A,-0.25,A44A
1BZ6,DA60A,0.15,A60A
1BZ6,KA56A,0.35,A56A
1BZ6,RA139A,0.45,A139A
1BZ6,WA7F,0.9,A7F
1BZ6,WA14F,1.1,A14F
1BZ6,MA131A,2.2,A131A
1BZ6,FA123K,2.1,A123K
1BZ6,AA130K,2.1,A130K
1BZ6,AA130L,0.9,A130L
1BZ6,HA36Q,0.8,A36Q
1BZ6,VA68T,0.6,A68T
1BZ6,VA13A,0.0,A13A
1BZ6,LA115A,1.4,A115A
1BZ6,FA123A,1.1,A123A
1BZ6,LA135A,1.7,A135A
1BZ6,LA11A,0.6,A11A
1BZ6,FA106A,0.7,A106A
1BZ6,LA137A,0.3,A137A
1BZ6,AA15L,-0.1,A15L
1BZ6,AA125L,-0.6,A125L
1BZ6,AA144L,-0.4,A144L
1BZ6,IA28A,0.53,A28A
1BZ6,IA28F,0.28,A28F
1BZ6,LA32W,0.53,A32W
1BZ6,LA32A,0.47,A32A
1BZ6,LA32F,0.07,A32F
1BZ6,HA64F,-0.81,A64F
1BZ6,HA64A,-0.49,A64A
1BZ6,HA64W,-0.47,A64W
1BZ6,HA64Q,-0.02,A64Q
1BZ6,HA64Y,-0.52,A64Y
1BZ6,HA64L,-0.61,A64L
1BZ6,HA64I,-0.38,A64I
1BZ6,HA64V,-0.36,A64V
1BZ6,HA64T,-0.23,A64T
1BZ6,HA64N,0.33,A64N
1BZ6,HA64R,0.08,A64R
1BZ6,HA64G,0.04,A64G
1BZ6,TA67F,-0.19,A67F
1BZ6,TA67Q,-0.23,A67Q
1BZ6,TA67P,0.85,A67P
1BZ6,VA68F,-0.38,A68F
1BZ6,VA68L,-0.42,A68L
1BZ6,VA68W,0.07,A68W
1BZ6,VA68I,-0.35,A68I
1BZ6,VA68A,0.6,A68A
1BZ6,VA68Y,0.17,A68Y
1BZ6,VA68T,0.57,A68T
1BZ6,IA107F,-0.12,A107F
1BZ6,IA107A,0.43,A107A
1EY0,KA6A,0.19,A6A
1EY0,KA6G,0.25,A6G
1EY0,LA7A,-1.35,A7A
1EY0,LA7G,-1.26,A7G
1EY0,LA7I,-0.77,A7I
1EY0,LA7V,-1.15,A7V
1EY0,HA8A,-0.48,A8A
1EY0,HA8G,-0.85,A8G
1EY0,KA9A,-1.38,A9A
1EY0,KA9F,-1.03,A9F
1EY0,KA9G,-1.88,A9G
1EY0,EA10A,-1.34,A10A
1EY0,EA10G,-1.86,A10G
1EY0,EA10K,-1.98,A10K
1EY0,EA10Q,-0.97,A10Q
1EY0,AA12G,-2.37,A12G
1EY0,AA12V,-0.89,A12V
1EY0,TA13A,-0.73,A13A
1EY0,TA13C,-1.2,A13C
1EY0,TA13G,-1.16,A13G
1EY0,TA13I,-0.05,A13I
1EY0,TA13S,-0.35,A13S
1EY0,TA13V,-0.26,A13V
1EY0,LA14A,-2.38,A14A
1EY0,LA14G,-3.84,A14G
1EY0,LA14I,-1.6,A14I
1EY0,LA14V,-1.63,A14V
1EY0,IA15A,-2.73,A15A
1EY0,IA15G,-3.43,A15G
1EY0,IA15L,-0.62,A15L
1EY0,IA15M,-0.15,A15M
1EY0,IA15V,-0.88,A15V
1EY0,KA16A,-0.06,A16A
1EY0,KA16F,-0.38,A16F
1EY0,KA16G,-0.76,A16G
1EY0,AA17G,0.19,A17G
1EY0,AA17V,-1.94,A17V
1EY0,IA18A,-2.65,A18A
1EY0,IA18G,-2.63,A18G
1EY0,IA18L,-0.14,A18L
1EY0,IA18M,-0.68,A18M
1EY0,IA18V,-0.96,A18V
1EY0,DA19A,-0.09,A19A
1EY0,DA19F,-1.28,A19F
1EY0,DA19G,-0.42,A19G
1EY0,DA19K,-0.41,A19K
1EY0,DA19N,0.07,A19N
1EY0,GA20A,-0.12,A20A
1EY0,GA20V,-2.18,A20V
1EY0,DA21A,0.83,A21A
1EY0,DA21G,0.46,A21G
1EY0,DA21K,1.1,A21K
1EY0,DA21N,1.43,A21N
1EY0,TA22A,-1.69,A22A
1EY0,TA22C,-0.95,A22C
1EY0,TA22G,-2.54,A22G
1EY0,TA22I,-0.61,A22I
1EY0,TA22S,-0.74,A22S
1EY0,TA22V,-0.85,A22V
1EY0,VA23A,-2.7,A23A
1EY0,VA23F,-1.93,A23F
1EY0,VA23I,0.03,A23I
1EY0,VA23L,-0.02,A23L
1EY0,VA23S,-4.76,A23S
1EY0,VA23T,-3.34,A23T
1EY0,KA24A,-0.34,A24A
1EY0,KA24F,-0.4,A24F
1EY0,KA24G,-1.6,A24G
1EY0,LA25A,-2.77,A25A
1EY0,LA25G,-4.58,A25G
1EY0,LA25I,-1.83,A25I
1EY0,LA25V,-1.85,A25V
1EY0,MA26A,-1.61,A26A
1EY0,MA26G,-1.95,A26G
1EY0,MA26I,-0.84,A26I
1EY0,MA26L,-0.31,A26L
1EY0,YA27A,-3.63,A27A
1EY0,YA27C,-2.72,A27C
1EY0,YA27F,-0.4,A27F
1EY0,YA27H,-1.86,A27H
1EY0,YA27I,-2.28,A27I
1EY0,YA27K,-3.78,A27K
1EY0,YA27L,-1.55,A27L
1EY0,YA27M,-1.94,A27M
1EY0,YA27N,-3.83,A27N
1EY0,YA27Q,-3.31,A27Q
1EY0,YA27R,-3.05,A27R
1EY0,YA27S,-3.21,A27S
1EY0,YA27T,-3.18,A27T
1EY0,YA27V,-2.65,A27V
1EY0,YA27W,-0.72,A27W
1EY0,KA28A,-0.7,A28A
1EY0,KA28E,-0.79,A28E
1EY0,KA28F,-0.85,A28F
1EY0,KA28G,-0.8,A28G
1EY0,KA28Q,-0.28,A28Q
1EY0,GA29A,-1.41,A29A
1EY0,GA29C,-1.26,A29C
1EY0,GA29F,-1.46,A29F
1EY0,GA29V,-3.11,A29V
1EY0,QA30A,-0.25,A30A
1EY0,QA30G,-0.93,A30G
1EY0,MA32A,-1.81,A32A
1EY0,MA32G,-2.54,A32G
1EY0,MA32I,-0.56,A32I
1EY0,MA32L,-0.76,A32L
1EY0,TA33A,-1.52,A33A
1EY0,TA33C,-1.04,A33C
1EY0,TA33G,-2.62,A33G
1EY0,TA33I,0.73,A33I
1EY0,TA33S,-1.35,A33S
1EY0,TA33V,0.47,A33V
1EY0,FA34A,-3.8,A34A
1EY0,RA35A,-1.38,A35A
1EY0,RA35G,-2.26,A35G
1EY0,LA36A,-3.66,A36A
1EY0,LA36I,-3.09,A36I
1EY0,LA36V,-3.58,A36V
1EY0,LA37A,-1.51,A37A
1EY0,LA37G,-3.79,A37G
1EY0,LA37I,-1.82,A37I
1EY0,LA37V,-2.78,A37V
1EY0,LA38A,-1.51,A38A
1EY0,LA38G,-0.28,A38G
1EY0,LA38I,-2.06,A38I
1EY0,LA38V,-0.14,A38V
1EY0,VA39A,-2.16,A39A
1EY0,VA39G,-4.61,A39G
1EY0,VA39I,0.11,A39I
1EY0,VA39L,-0.9,A39L
1EY0,VA39S,-2.44,A39S
1EY0,VA39T,-1.55,A39T
1EY0,DA40A,0.41,A40A
1EY0,DA40G,-0.38,A40G
1EY0,TA41A,0.07,A41A
1EY0,TA41C,0.74,A41C
1EY0,TA41G,-1.79,A41G
1EY0,TA41I,0.86,A41I
1EY0,TA41S,-0.88,A41S
1EY0,TA41V,0.9,A41V
1EY0,EA43A,0.32,A43A
1EY0,EA43D,0.2,A43D
1EY0,EA43G,0.59,A43G
1EY0,TA44A,-0.23,A44A
1EY0,TA44C,-0.04,A44C
1EY0,TA44G,-0.37,A44G
1EY0,TA44I,-0.56,A44I
1EY0,TA44S,0.04,A44S
1EY0,TA44V,0.09,A44V
1EY0,KA45A,0.19,A45A
1EY0,KA45G,0.2,A45G
1EY0,HA46A,-0.45,A46A
1EY0,HA46G,-0.17,A46G
1EY0,HA46Y,0.0,A46Y
1EY0,KA48A,0.09,A48A
1EY0,KA48E,0.1,A48E
1EY0,KA48F,-0.25,A48F
1EY0,KA48G,0.24,A48G
1EY0,KA48Q,-0.02,A48Q
1EY0,KA49A,-0.25,A49A
1EY0,KA49F,0.2,A49F
1EY0,KA49G,-0.1,A49G
1EY0,GA50A,0.16,A50A
1EY0,GA50C,-0.75,A50C
1EY0,GA50F,-0.55,A50F
1EY0,GA50V,-1.0,A50V
1EY0,VA51A,-0.05,A51A
1EY0,VA51G,-0.17,A51G
1EY0,VA51I,0.09,A51I
1EY0,VA51L,-0.1,A51L
1EY0,VA51S,0.01,A51S
1EY0,VA51T,0.2,A51T
1EY0,EA52A,-0.05,A52A
1EY0,EA52F,-0.51,A52F
1EY0,EA52G,-0.27,A52G
1EY0,KA53A,-0.17,A53A
1EY0,KA53G,-0.08,A53G
1EY0,YA54A,-1.97,A54A
1EY0,YA54F,-0.38,A54F
1EY0,YA54G,-1.72,A54G
1EY0,YA54L,-3.31,A54L
1EY0,GA55A,-0.44,A55A
1EY0,GA55V,-1.48,A55V
1EY0,EA57A,-0.1,A57A
1EY0,EA57C,-0.64,A57C
1EY0,EA57F,-0.79,A57F
1EY0,EA57G,-1.41,A57G
1EY0,EA57K,0.01,A57K
1EY0,EA57Q,-0.14,A57Q
1EY0,AA58G,-2.53,A58G
1EY0,AA58V,-2.63,A58V
1EY0,SA59A,0.62,A59A
1EY0,SA59F,0.56,A59F
1EY0,SA59G,-1.03,A59G
1EY0,AA60C,-1.12,A60C
1EY0,AA60F,-0.8,A60F
1EY0,AA60G,-1.45,A60G
1EY0,AA60V,-2.68,A60V
1EY0,FA61A,-2.34,A61A
1EY0,FA61G,-4.76,A61G
1EY0,TA62A,-2.23,A62A
1EY0,TA62C,-1.05,A62C
1EY0,TA62G,-3.52,A62G
1EY0,TA62I,-1.17,A62I
1EY0,TA62S,-2.15,A62S
1EY0,TA62V,0.1,A62V
1EY0,KA63A,-0.32,A63A
1EY0,KA63E,-1.47,A63E
1EY0,KA63F,-1.83,A63F
1EY0,KA63G,-1.57,A63G
1EY0,KA63Q,-0.89,A63Q
1EY0,KA64A,0.16,A64A
1EY0,KA64E,-1.68,A64E
1EY0,KA64F,-0.09,A64F
1EY0,KA64G,-0.51,A64G
1EY0,KA64Q,0.0,A64Q
1EY0,MA65A,-2.06,A65A
1EY0,MA65F,-1.62,A65F
1EY0,MA65G,-4.66,A65G
1EY0,MA65I,-1.43,A65I
1EY0,MA65L,-0.73,A65L
1EY0,VA66A,-2.34,A66A
1EY0,VA66G,-4.49,A66G
1EY0,VA66I,-0.76,A66I
1EY0,VA66K,-4.83,A66K
1EY0,VA66L,0.37,A66L
1EY0,VA66M,-0.14,A66M
1EY0,VA66S,-3.09,A66S
1EY0,VA66T,-1.34,A66T
1EY0,VA66W,-2.69,A66W
1EY0,EA67A,-1.05,A67A
1EY0,EA67F,-1.33,A67F
1EY0,EA67G,-1.0,A67G
1EY0,EA67Q,-0.57,A67Q
1EY0,NA68A,-0.38,A68A
1EY0,NA68G,-0.35,A68G
1EY0,AA69G,-2.1,A69G
1EY0,AA69T,-3.03,A69T
1EY0,AA69V,-2.8,A69V
1EY0,KA70A,-0.16,A70A
1EY0,KA70C,-0.48,A70C
1EY0,KA70E,-0.3,A70E
1EY0,KA70F,-0.03,A70F
1EY0,KA70G,-0.6,A70G
1EY0,KA70Q,-0.25,A70Q
1EY0,KA70W,-0.4,A70W
1EY0,KA71A,-0.55,A71A
1EY0,KA71F,0.04,A71F
1EY0,KA71G,-1.31,A71G
1EY0,IA72L,-0.23,A72L
1EY0,IA72M,-1.88,A72M
1EY0,IA72V,-1.79,A72V
1EY0,EA73A,-1.46,A73A
1EY0,EA73F,-0.88,A73F
1EY0,EA73G,-2.76,A73G
1EY0,EA73K,-2.06,A73K
1EY0,EA73Q,-0.64,A73Q
1EY0,VA74A,-3.23,A74A
1EY0,VA74I,-1.91,A74I
1EY0,VA74L,-1.12,A74L
1EY0,VA74T,-3.88,A74T
1EY0,EA75A,-1.69,A75A
1EY0,EA75G,-3.43,A75G
1EY0,EA75K,-2.22,A75K
1EY0,EA75Q,-0.61,A75Q
1EY0,EA75V,-2.31,A75V
1EY0,FA76A,-4.1,A76A
1EY0,FA76G,-4.73,A76G
1EY0,DA77A,-2.39,A77A
1EY0,DA77G,-1.81,A77G
1EY0,DA77K,-3.28,A77K
1EY0,DA77N,-2.69,A77N
1EY0,KA78A,-0.5,A78A
1EY0,KA78C,-0.26,A78C
1EY0,KA78E,-0.69,A78E
1EY0,KA78F,0.05,A78F
1EY0,KA78G,-1.07,A78G
1EY0,KA78Q,-0.15,A78Q
1EY0,GA79A,-2.17,A79A
1EY0,GA79D,-2.28,A79D
1EY0,GA79S,-2.14,A79S
1EY0,GA79V,-2.23,A79V
1EY0,QA80A,-0.02,A80A
1EY0,QA80F,-0.58,A80F
1EY0,QA80G,-1.25,A80G
1EY0,RA81A,-1.1,A81A
1EY0,RA81G,-2.06,A81G
1EY0,TA82A,-0.89,A82A
1EY0,TA82C,-0.19,A82C
1EY0,TA82G,-2.03,A82G
1EY0,TA82I,0.51,A82I
1EY0,TA82S,-0.75,A82S
1EY0,TA82V,0.24,A82V
1EY0,DA83A,-3.76,A83A
1EY0,DA83G,-2.64,A83G
1EY0,KA84A,0.1,A84A
1EY0,KA84E,0.0,A84E
1EY0,KA84F,-0.75,A84F
1EY0,KA84G,-0.39,A84G
1EY0,KA84Q,-0.15,A84Q
1EY0,YA85A,-0.41,A85A
1EY0,YA85F,-0.07,A85F
1EY0,YA85G,-1.05,A85G
1EY0,YA85L,-0.15,A85L
1EY0,GA86A,-0.31,A86A
1EY0,GA86F,-1.99,A86F
1EY0,GA86V,-3.74,A86V
1EY0,RA87A,-0.79,A87A
1EY0,RA87G,-2.53,A87G
1EY0,GA88A,0.19,A88A
1EY0,GA88V,-0.24,A88V
1EY0,GA88W,-0.1,A88W
1EY0,LA89A,-2.6,A89A
1EY0,LA89F,-1.2,A89F
1EY0,LA89G,-3.18,A89G
1EY0,LA89I,-1.04,A89I
1EY0,LA89V,-1.42,A89V
1EY0,AA90G,-1.92,A90G
1EY0,AA90S,-2.24,A90S
1EY0,AA90V,0.04,A90V
1EY0,YA91F,-2.27,A91F
1EY0,YA91L,-3.83,A91L
1EY0,IA92A,-4.12,A92A
1EY0,IA92L,-0.6,A92L
1EY0,IA92M,-1.75,A92M
1EY0,IA92V,-0.46,A92V
1EY0,YA93F,-1.81,A93F
1EY0,YA93L,-4.53,A93L
1EY0,AA94G,-2.54,A94G
1EY0,AA94V,-1.13,A94V
1EY0,DA95A,-3.5,A95A
1EY0,DA95G,-2.93,A95G
1EY0,GA96A,-1.8,A96A
1EY0,GA96F,-2.55,A96F
1EY0,GA96V,-3.74,A96V
1EY0,KA97A,-0.22,A97A
1EY0,KA97E,-0.47,A97E
1EY0,KA97F,-0.58,A97F
1EY0,KA97G,-1.85,A97G
1EY0,KA97Q,-0.3,A97Q
1EY0,MA98A,-4.43,A98A
1EY0,MA98G,-4.44,A98G
1EY0,MA98I,-4.39,A98I
1EY0,MA98L,-2.3,A98L
1EY0,VA99A,-3.35,A99A
1EY0,VA99I,-0.14,A99I
1EY0,VA99L,-0.15,A99L
1EY0,VA99T,-3.36,A99T
1EY0,NA100G,-4.98,A100G
1EY0,EA101A,-1.36,A101A
1EY0,EA101F,-2.74,A101F
1EY0,EA101G,-2.47,A101G
1EY0,AA102F,-1.71,A102F
1EY0,AA102G,-1.37,A102G
1EY0,AA102V,-1.84,A102V
1EY0,LA103A,-4.6,A103A
1EY0,LA103I,-1.11,A103I
1EY0,LA103V,-2.05,A103V
1EY0,VA104A,-2.82,A104A
1EY0,VA104I,0.27,A104I
1EY0,VA104L,-0.76,A104L
1EY0,VA104S,-4.86,A104S
1EY0,VA104T,-2.45,A104T
1EY0,RA105A,-1.32,A105A
1EY0,RA105C,-2.55,A105C
1EY0,RA105F,-2.84,A105F
1EY0,RA105G,-2.4,A105G
1EY0,QA106A,0.25,A106A
1EY0,QA106G,-1.5,A106G
1EY0,GA107A,-4.41,A107A
1EY0,LA108I,-3.34,A108I
1EY0,LA108V,-3.81,A108V
1EY0,AA109G,-0.98,A109G
1EY0,AA109V,-2.82,A109V
1EY0,KA110A,-1.13,A110A
1EY0,KA110G,-2.59,A110G
1EY0,VA111A,-4.26,A111A
1EY0,VA111G,-4.82,A111G
1EY0,VA111I,-0.74,A111I
1EY0,VA111L,-0.88,A111L
1EY0,VA111S,-4.71,A111S
1EY0,VA111T,-2.36,A111T
1EY0,AA112C,-0.75,A112C
1EY0,AA112F,-1.35,A112F
1EY0,AA112G,0.2,A112G
1EY0,AA112V,-1.19,A112V
1EY0,YA113A,0.06,A113A
1EY0,YA113F,0.07,A113F
1EY0,YA113G,-0.2,A113G
1EY0,YA113L,0.2,A113L
1EY0,VA114A,0.14,A114A
1EY0,VA114G,-0.03,A114G
1EY0,VA114I,-0.15,A114I
1EY0,VA114L,-1.07,A114L
1EY0,VA114S,-0.04,A114S
1EY0,VA114T,-0.31,A114T
1EY0,YA115A,-0.25,A115A
1EY0,YA115F,-0.02,A115F
1EY0,YA115G,-0.56,A115G
1EY0,YA115L,-0.22,A115L
1EY0,KA116A,0.69,A116A
1EY0,KA116F,0.21,A116F
1EY0,KA116G,1.05,A116G
1EY0,NA118A,-1.88,A118A
1EY0,NA118D,-2.34,A118D
1EY0,NA118G,-1.61,A118G
1EY0,NA119A,-1.03,A119A
1EY0,NA119G,-0.97,A119G
1EY0,TA120A,-1.08,A120A
1EY0,TA120C,-1.59,A120C
1EY0,TA120G,-1.87,A120G
1EY0,TA120I,-1.54,A120I
1EY0,TA120S,-0.57,A120S
1EY0,TA120V,-1.63,A120V
1EY0,HA121A,-2.92,A121A
1EY0,HA121G,-4.09,A121G
1EY0,EA122A,-0.27,A122A
1EY0,EA122F,-0.44,A122F
1EY0,EA122G,-1.99,A122G
1EY0,EA122K,-2.53,A122K
1EY0,EA122Q,-1.52,A122Q
1EY0,QA123A,-0.1,A123A
1EY0,QA123F,-0.51,A123F
1EY0,QA123G,-0.44,A123G
1EY0,HA124A,0.57,A124A
1EY0,HA124E,0.46,A124E
1EY0,HA124F,0.51,A124F
1EY0,HA124G,-0.52,A124G
1EY0,HA124L,1.31,A124L
1EY0,HA124Q,0.69,A124Q
1EY0,LA125A,-4.78,A125A
1EY0,LA125I,-0.96,A125I
1EY0,LA125V,-2.3,A125V
1EY0,RA126A,-1.64,A126A
1EY0,RA126G,-2.86,A126G
1EY0,KA127A,0.24,A127A
1EY0,KA127E,0.13,A127E
1EY0,KA127F,-0.22,A127F
1EY0,KA127G,-0.79,A127G
1EY0,KA127Q,0.06,A127Q
1EY0,SA128A,0.83,A128A
1EY0,SA128F,-1.0,A128F
1EY0,SA128G,-1.52,A128G
1EY0,EA129A,-2.2,A129A
1EY0,EA129F,-3.88,A129F
1EY0,EA129G,-3.72,A129G
1EY0,AA130G,-1.0,A130G
1EY0,AA130V,-1.08,A130V
1EY0,QA131A,-0.1,A131A
1EY0,QA131F,-0.55,A131F
1EY0,QA131G,-2.26,A131G
1EY0,AA132G,-3.6,A132G
1EY0,AA132V,-4.73,A132V
1EY0,KA133A,-1.32,A133A
1EY0,KA133F,-1.26,A133F
1EY0,KA133G,-3.22,A133G
1EY0,KA133Q,-0.44,A133Q
1EY0,KA134A,0.12,A134A
1EY0,KA134C,-0.7,A134C
1EY0,KA134F,-0.26,A134F
1EY0,KA134G,-0.79,A134G
1EY0,EA135A,-0.73,A135A
1EY0,EA135F,-1.1,A135F
1EY0,EA135G,-1.64,A135G
1EY0,EA135K,-1.17,A135K
1EY0,EA135Q,-0.71,A135Q
1EY0,KA136A,-0.75,A136A
1EY0,KA136F,-0.97,A136F
1EY0,KA136G,-0.02,A136G
1EY0,LA137A,-2.18,A137A
1EY0,LA137G,-4.43,A137G
1EY0,LA137I,-0.76,A137I
1EY0,LA137V,-1.42,A137V
1EY0,NA138A,-0.97,A138A
1EY0,NA138G,0.59,A138G
1EY0,IA139A,-3.29,A139A
1EY0,IA139G,-4.22,A139G
1EY0,IA139L,-0.09,A139L
1EY0,IA139M,-0.39,A139M
1EY0,IA139V,-1.37,A139V
1EY0,SA141A,-0.27,A141A
1EY0,SA141G,-0.82,A141G
1LZ1,KA1A,-0.6,A1A
1LZ1,KA1M,-0.12,A1M
1LZ1,VA2A,-1.51,A2A
1LZ1,VA2D,-1.44,A2D
1LZ1,VA2F,-0.86,A2F
1LZ1,VA2G,-2.3,A2G
1LZ1,VA2I,1.1,A2I
1LZ1,VA2L,-0.05,A2L
1LZ1,VA2M,-0.31,A2M
1LZ1,VA2N,-1.34,A2N
1LZ1,VA2R,-0.38,A2R
1LZ1,VA2S,-1.41,A2S
1LZ1,VA2Y,-0.36,A2Y
1LZ1,EA7Q,-0.94,A7Q
1LZ1,LA8T,-3.73,A8T
1LZ1,AA9S,-0.02,A9S
1LZ1,GA16A,-1.39,A16A
1LZ1,DA18N,-1.28,A18N
1LZ1,GA19A,-1.77,A19A
1LZ1,YA20F,-0.5,A20F
1LZ1,RA21A,1.32,A21A
1LZ1,RA21G,1.15,A21G
1LZ1,GA22A,-1.79,A22A
1LZ1,IA23A,-2.54,A23A
1LZ1,IA23V,-0.36,A23V
1LZ1,AA32L,-0.1,A32L
1LZ1,AA32S,-0.33,A32S
1LZ1,EA35L,-0.53,A35L
1LZ1,GA37A,-0.29,A37A
1LZ1,GA37Q,-0.4,A37Q
1LZ1,YA38A,-2.49,A38A
1LZ1,YA38F,-0.19,A38F
1LZ1,YA38G,-2.32,A38G
1LZ1,YA45F,0.07,A45F
1LZ1,GA48A,0.45,A48A
1LZ1,DA49N,-0.65,A49N
1LZ1,RA50A,0.43,A50A
1LZ1,RA50G,0.32,A50G
1LZ1,YA54F,-0.96,A54F
1LZ1,IA56A,-3.71,A56A
1LZ1,IA56F,-4.09,A56F
1LZ1,IA56L,-0.1,A56L
1LZ1,IA56M,-1.77,A56M
1LZ1,IA56T,-4.31,A56T
1LZ1,IA56V,-1.2,A56V
1LZ1,QA58A,0.91,A58A
1LZ1,QA58G,1.91,A58G
1LZ1,IA59A,-1.72,A59A
1LZ1,IA59F,-0.81,A59F
1LZ1,IA59G,-3.83,A59G
1LZ1,IA59L,0.0,A59L
1LZ1,IA59M,-1.29,A59M
1LZ1,IA59S,-3.59,A59S
1LZ1,IA59T,-2.22,A59T
1LZ1,IA59V,-1.1,A59V
1LZ1,IA59Y,-3.78,A59Y
1LZ1,YA63F,-0.24,A63F
1LZ1,DA67H,-3.73,A67H
1LZ1,DA67N,-1.39,A67N
1LZ1,GA68A,-0.12,A68A
1LZ1,GA72A,-0.36,A72A
1LZ1,VA74A,-0.36,A74A
1LZ1,VA74D,-0.43,A74D
1LZ1,VA74F,-0.29,A74F
1LZ1,VA74G,-0.22,A74G
1LZ1,VA74I,0.45,A74I
1LZ1,VA74L,0.19,A74L
1LZ1,VA74M,0.65,A74M
1LZ1,VA74N,-0.33,A74N
1LZ1,VA74R,-0.07,A74R
1LZ1,VA74S,-0.38,A74S
1LZ1,VA74Y,-0.24,A74Y
1LZ1,CA77A,-4.6,A77A
1LZ1,HA78A,-0.14,A78A
1LZ1,HA78G,-0.21,A78G
1LZ1,IA89A,-2.7,A89A
1LZ1,IA89V,-0.48,A89V
1LZ1,AA92S,0.81,A92S
1LZ1,VA93A,-0.74,A93A
1LZ1,VA93T,-0.67,A93T
1LZ1,AA96M,0.02,A96M
1LZ1,AA96S,-1.0,A96S
1LZ1,VA99A,-0.98,A99A
1LZ1,VA99T,-0.5,A99T
1LZ1,VA100A,-0.26,A100A
1LZ1,VA100F,-1.65,A100F
1LZ1,VA100T,-0.29,A100T
1LZ1,DA102N,-0.15,A102N
1LZ1,GA105A,-0.62,A105A
1LZ1,IA106A,-0.93,A106A
1LZ1,IA106V,-0.72,A106V
1LZ1,VA110A,0.53,A110A
1LZ1,VA110D,0.17,A110D
1LZ1,VA110F,-0.05,A110F
1LZ1,VA110G,0.48,A110G
1LZ1,VA110I,0.86,A110I
1LZ1,VA110L,0.07,A110L
1LZ1,VA110M,0.53,A110M
1LZ1,VA110N,0.07,A110N
1LZ1,VA110R,0.89,A110R
1LZ1,VA110Y,-0.14,A110Y
1LZ1,NA118A,0.19,A118A
1LZ1,NA118G,0.05,A118G
1LZ1,DA120N,-0.17,A120N
1LZ1,VA121A,-1.44,A121A
1LZ1,YA124F,-0.36,A124F
1LZ1,VA125A,-1.32,A125A
1LZ1,GA127A,-0.55,A127A
1LZ1,GA129A,0.14,A129A
1LZ1,VA130A,-0.84,A130A
2OCJ,RA175H,-3.47,A175H
2OCJ,CA242S,-3.3,A242S
2OCJ,RA248Q,-2.03,A248Q
2OCJ,RA249S,-1.81,A249S
2OCJ,RA273H,-0.13,A273H
1DIV,FA5V,3.99,A5V
1DIV,IA18V,0.07,A18V
1DIV,KA14G,1.3,A14G
1DIV,KA14A,0.73,A14A
1DIV,KA12A,-0.61,A12A
1DIV,AA49G,0.22,A49G
1DIV,IA18A,2.05,A18A
1DIV,EA17A,1.69,A17A
1DIV,KA15G,1.74,A15G
1DIV,AA22G,0.32,A22G
1DIV,KA12M,-1.765,A12M
1DIV,KA10E,-0.13,A10E
1DIV,VA9A,1.81,A9A
1DIV,DA8A,1.3,A8A
1DIV,FA5L,1.15,A5L
1DIV,KA12G,-0.03,A12G
1DIV,GA24A,-0.02,A24A
1DIV,FA31A,2.84,A31A
1DIV,GA34A,1.02,A34A
1DIV,LA35A,1.21,A35A
1DIV,AA36G,1.55,A36G
1DIV,IA37V,-0.09,A37V
1DIV,IA37A,1.28,A37A
1DIV,EA38A,0.41,A38A
1DIV,AA39G,1.59,A39G
1DIV,TA40S,0.8,A40S
1DIV,AA42G,0.33,A42G
1DIV,LA44A,1.73,A44A
1DIV,AA46G,0.55,A46G
1DIV,LA47A,0.84,A47A
1DIV,AA26G,1.79,A26G
1DXX,KC18N,3.7,C18N
1G3P,TA101I,0.81,A101I
1LVM,QB58F,-0.6,B58F
1LVM,LB56V,0.0,B56V
1LVM,KB45F,-0.43,B45F
1LVM,EB106G,-1.4,B106G
1LVM,SB135G,0.0,B135G
1PRE,CB159S,2.4,B159S
2PTL,IA74F,-1.314531549,A74F
2PTL,LA24F,-0.621414914,A24F
2VY0,EB53A,6.596558317,B53A
2VY0,DB287A,5.975143403,B287A
3S4M,SA181F,2.6,A181F
3S4M,LA198C,1.0,A198C
3S4M,LA203C,-1.0,A203C
3S4M,LA200C,2.0,A200C
3D2A,AA15S,-0.18,A15S
3D2A,FA17T,-0.52,A17T
3D2A,RA33P,-0.04,A33P
3D2A,TA47S,-0.96,A47S
3D2A,TA109V,-0.34,A109V
3D2A,GA80S,-0.11,A80S
3D2A,MA134R,-0.25,A134R
3D2A,MA134D,-0.16,A134D
3D2A,GA155S,-1.05,A155S
3D2A,YA161N,0.09,A161N
3D2A,NA174T,-0.36,A174T
1LZ1,TA11A,0.0,A11A
1LZ1,TA11V,-0.1,A11V
1LZ1,SA24A,0.5,A24A
1LZ1,SA36A,0.5,A36A
1LZ1,TA40A,1.2,A40A
1LZ1,TA40V,1.0,A40V
1LZ1,TA43A,-0.2,A43A
1LZ1,TA43V,0.3,A43V
1LZ1,SA51A,0.0,A51A
1LZ1,TA52A,0.0999999999999999,A52A
1LZ1,SA61A,0.5,A61A
1LZ1,TA52V,0.5,A52V
1LZ1,SA80A,-0.8,A80A
1LZ1,GA19Q,0.4,A19Q
1LZ1,DA49H,3.7,A49H
1LZ1,YA20A,2.8,A20A
1LZ1,YA20G,2.5,A20G
1LZ1,SA82A,-1.0,A82A
1IOB,TA9A,1.4333333333333336,A9A
1IOB,TA9L,1.9,A9L
1IOB,TA9Q,2.65,A9Q
1IOB,KA97R,1.8,A97R
1IOB,KA97G,1.6333333333333335,A97G
1IOB,KA97V,-1.1333333333333333,A97V
1IOB,RA4Q,0.8,A4Q
1IOB,RA4P,0.4,A4P
1IOB,LA6A,2.6,A6A
1IOB,NA7G,2.25,A7G
1IOB,NA7D,-0.265,A7D
1IOB,CA8A,2.26,A8A
1IOB,CA8S,4.25,A8S
1IOB,LA10A,4.5,A10A
3DUF,VG135A,1.5,G135A
3DUF,AG165G,0.9,G165G
6XPP,FD345A,0.41,D345A
